"externalId","postId","slug","sourcePath","oldTitle","newTitle","oldCreatedAt","newCreatedAt","titleChanged","contentChanged","createdAtChanged","published","publishedAt"
"aiopt-05d0c78e08dc4a1d","cmpycfksc00iy0jo0rpmywwz0","interview-frontend-interview-interview-prep-05d0c78e","面试求职\前端面试\面试准备.md","【AI优化】前端面试准备：把 HTML、CSS 和 JS 高频题串成一条主线","前端面试准备：把 HTML、CSS 和 JS 高频题串成一条主线","2026-06-03T09:31:40.668Z","2024-08-23T13:57:38.590Z","true","true","true","false",""
"aiopt-18f13c5d339916d9","cmpycdxsg00cl0jo0llfzvgky","ai-tool-cliproxyapi-maco-in-tall-per-i-tent-run-18f13c5d","AI工具\CLIProxyAPI-macOS-安装与持久化运行.md","【AI优化】CLIProxyAPI 在 macOS 上安装并用 launchd 持久化运行","CLIProxyAPI 在 macOS 上安装并用 launchd 持久化运行","2026-06-03T09:30:24.208Z","2026-03-14T19:42:10.419Z","true","true","true","false",""
"aiopt-1be80917e252e5b6","cmpycexkv00gg0jo0jf3rqqrz","tech-learning-frontend-vi-ualization-echart-note-1be80917","技术学习\前端开发\可视化\ECharts学习笔记.md","【AI优化】ECharts 学习笔记：从 option 到可视化大屏的实现路径","ECharts 学习笔记：从 option 到可视化大屏的实现路径","2026-06-03T09:31:10.591Z","2024-08-23T13:57:38.540Z","true","true","true","false",""
"aiopt-232fb8dab166c589","cmpycfcty00i40jo0wdzcqb1s","tech-learning-frontend-java-cript-relearnj-ba-ic-232fb8da","技术学习\前端开发\JavaScript\重学js基础.md","【AI优化】重学 JS 基础：DOM、事件、BOM 和 JSON 的浏览器主线","重学 JS 基础：DOM、事件、BOM 和 JSON 的浏览器主线","2026-06-03T09:31:30.358Z","2024-08-23T13:57:38.540Z","true","true","true","false",""
"aiopt-23aa07591300883b","cmpycegkj00el0jo0xfbc3mlx","tech-learning-backend-databa-e-nginx-deployment-nginxknowledge-23aa0759","技术学习\后端与数据库\Nginx与部署\Nginx知识.md","【AI优化】Nginx 小知识：Vue 打包后的接口代理和 PID 报错处理","Nginx 小知识：Vue 打包后的接口代理和 PID 报错处理","2026-06-03T09:30:48.547Z","2024-08-23T13:57:38.560Z","true","true","true","false",""
"aiopt-24d2b3f580e989bf","cmpycef1o00ef0jo01qeczark","tech-learning-backend-databa-e-my-ql-my-qldataba-enote-24d2b3f5","技术学习\后端与数据库\MySQL\Mysql数据库学习笔记.md","【AI优化】MySQL 学习笔记：从建表、查询到事务、索引和 JDBC","MySQL 学习笔记：从建表、查询到事务、索引和 JDBC","2026-06-03T09:30:46.571Z","2024-08-23T13:57:38.530Z","true","true","true","false",""
"aiopt-2b5e3af160a62b71","cmpycfstt00js0jo0tx7bj8qz","tech-learning-frontend-react-react-2b5e3af1","技术学习\前端开发\React\React进阶指南.md","【AI优化】React 进阶指南：把 JSX、Fiber、调度、Hooks 串成一条更新链路","React 进阶指南：把 JSX、Fiber、调度、Hooks 串成一条更新链路","2026-06-03T09:31:51.089Z","2024-08-23T13:57:38.580Z","true","true","true","false",""
"aiopt-2c2363d828785aeb","cmpycfbau00hy0jo08l6sxjjp","tech-learning-frontend-java-cript-advancedjava-cript-2c2363d8","技术学习\前端开发\JavaScript\高阶JavaScript笔记.md","【AI优化】高阶 JavaScript 笔记：从执行模型到响应式原理","高阶 JavaScript 笔记：从执行模型到响应式原理","2026-06-03T09:31:28.373Z","2024-08-23T13:57:38.540Z","true","true","true","false",""
"aiopt-2c353ee4ad7197d3","cmpyceuhb00g30jo0t2qhj89r","tech-learning-data-tructure-java-cript-j-exerci-e-2c353ee4","技术学习\数据结构与算法\JavaScript\JS做题笔记.md","【AI优化】JS 做题笔记：相等比较、this、数组方法和异步闭包陷阱","JS 做题笔记：相等比较、this、数组方法和异步闭包陷阱","2026-06-03T09:31:06.575Z","2024-08-23T13:57:38.560Z","true","true","true","false",""
"aiopt-36190a31c462284d","cmpyce8vp00dr0jo0zhax924x","ai-tool-open-pec-uperpower-claudecode-36190a31","AI工具\OpenSpec与Superpowers在ClaudeCode中的使用.md","【AI优化】在 Claude Code 中组合 OpenSpec 和 Superpowers：一个管目标，一个管执行","在 Claude Code 中组合 OpenSpec 和 Superpowers：一个管目标，一个管执行","2026-06-03T09:30:38.581Z","2026-03-14T20:28:20.594Z","true","true","true","false",""
"aiopt-3e8d50258539d71c","cmpyce0vv00cx0jo0h7uoll87","ai-tool-openclaw-dockerclu-ter-dev-plan-3e8d5025","AI工具\OpenClaw_Docker集群开发方案.md","【AI优化】用 Docker 跑多个 OpenClaw 节点：前端、后端、测试分工协作","用 Docker 跑多个 OpenClaw 节点：前端、后端、测试分工协作","2026-06-03T09:30:28.219Z","2026-03-06T16:22:14.074Z","true","true","true","false",""
"aiopt-3ff596610003a2f4","cmpycez3v00gm0jo02sursmdv","tech-learning-frontend-network-api-axio-3ff59661","技术学习\前端开发\网络请求与接口\Axios多重封装教程.md","【AI优化】Axios 多重封装：用 TypeScript 管住实例、拦截器和 Loading","Axios 多重封装：用 TypeScript 管住实例、拦截器和 Loading","2026-06-03T09:31:12.571Z","2024-08-23T13:57:38.560Z","true","true","true","false",""
"aiopt-403636310f963812","cmpycdvzk00cf0jo0xuclgqfg","ai-tool-chatgpt-china-u-age-40363631","AI工具\ChatGPT 国内使用方案.md","【AI优化】ChatGPT 国内使用方案怎么选：账号、API 中转、Apple 内购和 Azure OpenAI","ChatGPT 国内使用方案怎么选：账号、API 中转、Apple 内购和 Azure OpenAI","2026-06-03T09:30:21.872Z","2026-03-14T19:42:09.394Z","true","true","true","false",""
"aiopt-405e68f202646c9e","cmpycfj3400is0jo0nsciny7b","tech-learning-frontend-vue-vue3-t-405e68f2","技术学习\前端开发\Vue\Vue3+TS项目初始化配置.md","【AI优化】Vue3 + TypeScript 项目初始化：从代码规范到权限 CMS 架构","Vue3 + TypeScript 项目初始化：从代码规范到权限 CMS 架构","2026-06-03T09:31:38.464Z","2024-08-23T13:57:38.570Z","true","true","true","false",""
"aiopt-417c588430236ec2","cmpycfhjq00im0jo0sgimbos7","tech-learning-frontend-vue-vue3-j-note-417c5884","技术学习\前端开发\Vue\Vue3.js学习笔记.md","【AI优化】Vue3 学习笔记：模板、组件、Composition API、Router、Vuex 和 Mini-Vue","Vue3 学习笔记：模板、组件、Composition API、Router、Vuex 和 Mini-Vue","2026-06-03T09:31:36.469Z","2024-08-23T13:57:38.550Z","true","true","true","false",""
"aiopt-47b5319a07097730","cmpycerd500fr0jo05h6kpwha","tech-learning-data-tructure-java-javacoding-practicecollection-47b5319a","技术学习\数据结构与算法\Java\Java刷题集合类.md","【AI优化】Java 刷题集合类速查：数组、List、栈、队列、堆、Set、Map 和字符串","Java 刷题集合类速查：数组、List、栈、队列、堆、Set、Map 和字符串","2026-06-03T09:31:02.537Z","2024-08-23T13:57:38.560Z","true","true","true","false",""
"aiopt-50e0b5589326b514","cmpycew1x00ga0jo04jsh2vcw","tech-learning-frontend-build-tooling-relearnwebpack-50e0b558","技术学习\前端开发\工程化与构建\重学Webpack.md","【AI优化】重学 Webpack：从跨域到构建性能的一张路线图","重学 Webpack：从跨域到构建性能的一张路线图","2026-06-03T09:31:08.613Z","2024-08-23T13:57:38.540Z","true","true","true","false",""
"aiopt-50e850847ce0c073","cmpyce2gq00d30jo0cu827sy9","ai-tool-openclaw-agent-arpc-protocol-guide-50e85084","AI工具\OpenClaw-Agent-ARPC-通信手册.md","【AI优化】OpenClaw Agent ARPC 通信手册：强身份只认 ARP identity","OpenClaw Agent ARPC 通信手册：强身份只认 ARP identity","2026-06-03T09:30:30.266Z","2026-03-14T19:42:09.874Z","true","true","true","false",""
"aiopt-5c3575b649b591ef","cmpycfnvc00ja0jo0zjdfg35d","openclaw-openclaw-memory-y-tem-etup-5c3575b6","openclaw\OpenClaw-记忆管理系统搭建记录.md","【AI优化】OpenClaw 记忆管理系统搭建记录：先能记住，再能检索，最后自动维护","OpenClaw 记忆管理系统搭建记录：先能记住，再能检索，最后自动维护","2026-06-03T09:31:44.664Z","2026-03-14T19:42:11.392Z","true","true","true","false",""
"aiopt-67976e200b657e4c","cmpycf9rf00hs0jo0maoic8go","tech-learning-frontend-c-commonc-67976e20","技术学习\前端开发\CSS\常用CSS.md","【AI优化】常用 CSS：一段背景图代码里的四个关键点","常用 CSS：一段背景图代码里的四个关键点","2026-06-03T09:31:26.379Z","2024-08-23T13:57:38.570Z","true","true","true","false",""
"aiopt-734ef871cff8e8b8","cmpyce46c00d90jo0owzz8g2n","ai-tool-openclaw-fei-hu-codex-remote-dev-734ef871","AI工具\openclaw-feishu-codex-remote-dev.md","【AI优化】个人开发者如何用 OpenClaw、飞书和 Codex 组织远程开发","个人开发者如何用 OpenClaw、飞书和 Codex 组织远程开发","2026-06-03T09:30:32.483Z","2026-03-06T16:22:13.130Z","true","true","true","false",""
"aiopt-7b66a982d4d762b8","cmpycei3g00er0jo0btqfcsx9","tech-learning-backend-databa-e-nginx-deployment-pm2deploymentegg-erver-7b66a982","技术学习\后端与数据库\Nginx与部署\PM2部署Egg项目到服务器.md","【AI优化】用 PM2 部署 Egg.js 项目：端口、入口文件、HTTPS 和常用命令","用 PM2 部署 Egg.js 项目：端口、入口文件、HTTPS 和常用命令","2026-06-03T09:30:50.524Z","2024-08-23T13:57:38.560Z","true","true","true","false",""
"aiopt-7f3ff8993a0baba9","cmpycf6ms00hg0jo0yjyfv90c","tech-learning-frontend-performance-performance-7f3ff899","技术学习\前端开发\性能优化\前端性能优化.md","【AI优化】前端性能优化：从 V8 执行链路理解 JavaScript 写法","前端性能优化：从 V8 执行链路理解 JavaScript 写法","2026-06-03T09:31:22.324Z","2024-08-23T13:57:38.550Z","true","true","true","false",""
"aiopt-7f75d3a31241ab68","cmpycf86i00hm0jo0cw6n2cpy","tech-learning-project-mini-program-project-yichen-yougou-7f75d3a3","技术学习\项目实战\小程序项目\依尘优购小程序.md","【AI优化】依尘优购小程序：一个电商小程序项目的页面、状态和支付链路","依尘优购小程序：一个电商小程序项目的页面、状态和支付链路","2026-06-03T09:31:24.330Z","2024-08-23T13:57:38.570Z","true","true","true","false",""
"aiopt-801018adbb8653ff","cmpycfmc300j40jo0zzxfylfp","interview-frontend-interview-interview-experience-801018ad","面试求职\前端面试\我的面经.md","【AI优化】前端面经复盘：从输入 URL 到页面渲染，面试官到底在问什么","前端面经复盘：从输入 URL 到页面渲染，面试官到底在问什么","2026-06-03T09:31:42.675Z","2024-08-23T13:57:38.590Z","true","true","true","false",""
"aiopt-84fe6f7a76a1e9fe","cmpycejm500ex0jo0e82wp04c","tech-learning-backend-databa-e-node-j-node-j-note-84fe6f7a","技术学习\后端与数据库\Node.js\Node.js学习笔记.md","【AI优化】Node.js 学习笔记：从 HTTP、文件系统到 Express、Koa 和 MongoDB","Node.js 学习笔记：从 HTTP、文件系统到 Express、Koa 和 MongoDB","2026-06-03T09:30:52.493Z","2024-08-23T13:57:38.550Z","true","true","true","false",""
"aiopt-8809a2e555230ee0","cmpycfr1500jm0jo0h9jniazw","tech-learning-frontend-react-react18note-8809a2e5","技术学习\前端开发\React\React18学习笔记.md","【AI优化】React 18 学习笔记：从 JSX 到 Hooks 的可执行路线","React 18 学习笔记：从 JSX 到 Hooks 的可执行路线","2026-06-03T09:31:48.761Z","2024-08-23T13:57:38.550Z","true","true","true","false",""
"aiopt-960f87067fbd26f7","cmpycfehm00ia0jo0hb5ebz97","tech-learning-frontend-java-cript-java-criptde-ign-principle-960f8706","技术学习\前端开发\JavaScript\JavaScript设计原理.md","【AI优化】JavaScript 设计模式：用“封装变化”串起创建型、结构型和行为型","JavaScript 设计模式：用“封装变化”串起创建型、结构型和行为型","2026-06-03T09:31:32.506Z","2024-08-23T13:57:38.580Z","true","true","true","false",""
"aiopt-976bc2fc4b6d0f06","cmpycel4u00f30jo09vz43ua2","tech-learning-dev-tool-gitteam-collaboration-976bc2fc","技术学习\开发工具与协作\git团队协同.md","【AI优化】Git 团队协同入门：从 clone 到 commit、push 和冲突处理","Git 团队协同入门：从 clone 到 commit、push 和冲突处理","2026-06-03T09:30:54.462Z","2024-08-23T13:57:38.560Z","true","true","true","false",""
"aiopt-9b1f22b5a71e3794","cmpycepsp00fl0jo04bozx2jk","tech-learning-data-tructure-java-java-9b1f22b5","技术学习\数据结构与算法\Java\Java数据结构.md","【AI优化】Java 数据结构入门：复杂度、存储结构和五种排序算法","Java 数据结构入门：复杂度、存储结构和五种排序算法","2026-06-03T09:31:00.505Z","2024-08-23T13:57:38.560Z","true","true","true","false",""
"aiopt-9e9d48805ab14266","cmpycdzd600cr0jo0fj32veq5","ai-tool-openclaw-claude-code-coding-capability-compari-on-openclaw-claude-code-coding-capa-9e9d4880","AI工具\Openclaw 和 claude code 编写代码能力对比\Openclaw 和 claude code 编写代码能力对比.md","【AI优化】OpenClaw 和 Claude Code 写同一个问卷系统，差距主要在执行纪律","OpenClaw 和 Claude Code 写同一个问卷系统，差距主要在执行纪律","2026-06-03T09:30:26.250Z","2026-03-06T16:22:16.570Z","true","true","true","false",""
"aiopt-a40925459b5960a4","cmpyce78w00dl0jo0xzyi0p8k","ai-tool-opencode-chine-e-project-prompt-template-a4092545","AI工具\OpenCode 中文万能项目指令模板.md","【AI优化】OpenCode 中文项目指令模板：让主 Agent 先拆任务，再并行执行","OpenCode 中文项目指令模板：让主 Agent 先拆任务，再并行执行","2026-06-03T09:30:36.464Z","2026-03-14T19:43:44.841Z","true","true","true","false",""
"aiopt-a5b95e844fc30cc9","cmpycf3nq00h40jo0uz7gowro","tech-learning-frontend-wechat-mini-program-wechat-mini-programcloud-dev-a5b95e84","技术学习\前端开发\微信小程序\微信小程序云开发.md","【AI优化】微信小程序云开发：数据库、云函数和云存储的最小闭环","微信小程序云开发：数据库、云函数和云存储的最小闭环","2026-06-03T09:31:18.470Z","2024-08-23T13:57:38.550Z","true","true","true","false",""
"aiopt-a837a1ad733f07ef","cmpyceswn00fx0jo034gi278a","tech-learning-data-tructure-java-cript-relearnjava-cript-a837a1ad","技术学习\数据结构与算法\JavaScript\重学JavaScript数据结构.md","【AI优化】重学 JavaScript 数据结构：数组 API、字符串转换和 fill 的引用陷阱","重学 JavaScript 数据结构：数组 API、字符串转换和 fill 的引用陷阱","2026-06-03T09:31:04.535Z","2024-08-23T13:57:38.570Z","true","true","true","false",""
"aiopt-abeafea63a15d530","cmpyceoas00ff0jo0s1wpx4r4","tech-learning-data-tructure-coding-practice-leetcodecoding-practice-abeafea6","技术学习\数据结构与算法\刷题\力扣刷题笔记.md","【AI优化】力扣刷题笔记：异或、去重、数独校验和字符计数","力扣刷题笔记：异或、去重、数独校验和字符计数","2026-06-03T09:30:58.564Z","2024-08-23T13:57:38.570Z","true","true","true","false",""
"aiopt-ac3d78f869a40da5","cmpyce5ox00df0jo0fuelbsvo","ai-tool-openclaw-claudecode-ac3d78f8","AI工具\OpenClaw与ClaudeCode对比.md","【AI优化】OpenClaw 与 Claude Code 对比：不要让调度工具单独承担编码交付","OpenClaw 与 Claude Code 对比：不要让调度工具单独承担编码交付","2026-06-03T09:30:34.449Z","2026-03-06T16:22:14.563Z","true","true","true","false",""
"aiopt-b8a92c2a7dd26259","cmpycfg0s00ig0jo0e55clygm","tech-learning-frontend-vue-vue2-j-note-b8a92c2a","技术学习\前端开发\Vue\Vue2.js学习笔记.md","【AI优化】Vue2 学习笔记：从模板语法到组件通信和 Webpack","Vue2 学习笔记：从模板语法到组件通信和 Webpack","2026-06-03T09:31:34.491Z","2024-08-23T13:57:38.550Z","true","true","true","false",""
"aiopt-cc3dd5fd8c23d569","cmpycec0b00e30jo0pjfz25xd","ai-tool-uperpower-complete-guide-cc3dd5fd","AI工具\Superpowers完整指南.md","【AI优化】Superpowers 完整指南：把 AI 编程从“会写代码”拉回工程流程","Superpowers 完整指南：把 AI 编程从“会写代码”拉回工程流程","2026-06-03T09:30:42.635Z","2026-03-06T16:22:15.054Z","true","true","true","false",""
"aiopt-d3f8ecdc2b511f4a","cmpycf0lh00gs0jo0caf8ipdv","tech-learning-frontend-wechat-mini-program-wechat-mini-programlinked-menu-olution-d3f8ecdc","技术学习\前端开发\微信小程序\微信小程序菜单的左右联动解决方案.md","【AI优化】微信小程序菜单左右联动：用 scroll-view 做点单页分类导航","微信小程序菜单左右联动：用 scroll-view 做点单页分类导航","2026-06-03T09:31:14.501Z","2024-08-23T13:57:38.570Z","true","true","true","false",""
"aiopt-d456bba629a86fe0","cmpycf23y00gy0jo0o486e10f","tech-learning-frontend-wechat-mini-program-wechat-mini-programnote-d456bba6","技术学习\前端开发\微信小程序\微信小程序学习笔记.md","【AI优化】微信小程序学习笔记：从目录结构到生命周期的入门框架","微信小程序学习笔记：从目录结构到生命周期的入门框架","2026-06-03T09:31:16.462Z","2024-08-23T13:57:38.550Z","true","true","true","false",""
"aiopt-e9461c7fb5e04e31","cmpycf55d00ha0jo0bmf1ymnq","tech-learning-frontend-wechat-mini-program-wechat-mini-programtip-e9461c7f","技术学习\前端开发\微信小程序\微信小程序知识点补充.md","【AI优化】微信小程序组件补充：slot 和样式隔离怎么用","微信小程序组件补充：slot 和样式隔离怎么用","2026-06-03T09:31:20.401Z","2024-08-23T13:57:38.570Z","true","true","true","false",""
"aiopt-f02dba1eb4c7a435","cmpycemry00f90jo08idahfgp","tech-learning-dev-tool-githubprofile-poli-h-f02dba1e","技术学习\开发工具与协作\github美化.md","【AI优化】GitHub Profile README 美化：把个人主页做成工程名片","GitHub Profile README 美化：把个人主页做成工程名片","2026-06-03T09:30:56.590Z","2024-08-23T13:57:38.530Z","true","true","true","false",""
"aiopt-f51cb570448daf36","cmpyceafa00dx0jo0kn9180nw","ai-tool-run-long-horizon-ta-k-with-codex-chine-e-tran-lation-f51cb570","AI工具\Run long horizon tasks with Codex 中文翻译.md","【AI优化】Codex 长程任务怎么跑：规格、计划、执行手册和持续验证","Codex 长程任务怎么跑：规格、计划、执行手册和持续验证","2026-06-03T09:30:40.582Z","2026-03-22T11:35:41.613Z","true","true","true","false",""
"aiopt-fb4ee7b3093d56aa","cmpycfpe000jg0jo0yn0rs5kc","ru-t-ai-generated-ru-t-learning-tage4-5-fb4ee7b3","Rust学习\【AI 生成】rust-learning-stage4-5.md","【AI优化】Rust 学习第四、第五阶段：从抽象能力走到工程化和 WASM","Rust 学习第四、第五阶段：从抽象能力走到工程化和 WASM","2026-06-03T09:31:46.632Z","2026-03-06T16:22:16.056Z","true","true","true","false",""
"aiopt-ff1635badd4f4f03","cmpycedj700e90jo0f7edd60w","tech-learning-backend-databa-e-java-javanote-ff1635ba","技术学习\后端与数据库\Java\Java学习笔记.md","【AI优化】Java 基础学习笔记：从语法到集合和树结构的路线图","Java 基础学习笔记：从语法到集合和树结构的路线图","2026-06-03T09:30:44.611Z","2024-08-23T13:57:38.530Z","true","true","true","false",""